{"cameraMode":{"drawMode":0,"name":"Shaded","section":"Shading Mode"},"sceneLighting":true,"audioPlay":false,"sceneViewState":{"showFog":true,"showMaterialUpdate":true,"showSkybox":true,"showFlares":true,"showImageEffects":true,"showParticleSystems":true},"in2DMode":false,"pivot":{"x":-0.7815223932266235,"y":13.902597427368164,"z":35.369720458984378},"rotation":{"x":-0.015588351525366307,"y":-0.016611959785223008,"z":-0.00030889338813722134,"w":0.9997501969337463},"size":26.479856491088868,"orthographic":false}