{"cameraMode":{"drawMode":0,"name":"Shaded","section":"Shading Mode"},"sceneLighting":true,"audioPlay":false,"sceneViewState":{"showFog":true,"showMaterialUpdate":true,"showSkybox":true,"showFlares":true,"showImageEffects":true,"showParticleSystems":true},"in2DMode":false,"pivot":{"x":60.14677047729492,"y":27.80326271057129,"z":42.942012786865237},"rotation":{"x":0.03941364586353302,"y":-0.018368178978562356,"z":-0.0006470718071796,"w":-0.9991757273674011},"size":45.18669128417969,"orthographic":false}