{"cameraMode":{"drawMode":0,"name":"Shaded","section":"Shading Mode"},"sceneLighting":true,"audioPlay":false,"sceneViewState":{"showFog":true,"showMaterialUpdate":true,"showSkybox":true,"showFlares":true,"showImageEffects":true,"showParticleSystems":true},"in2DMode":false,"pivot":{"x":140.73117065429688,"y":-99.91085815429688,"z":382.04901123046877},"rotation":{"x":0.13646839559078217,"y":0.16075190901756288,"z":-0.023725731298327447,"w":0.9775652885437012},"size":215.78977966308595,"orthographic":false}