{"cameraMode":{"drawMode":0,"name":"Shaded","section":"Shading Mode"},"sceneLighting":true,"audioPlay":false,"sceneViewState":{"showFog":true,"showMaterialUpdate":true,"showSkybox":true,"showFlares":true,"showImageEffects":true,"showParticleSystems":true},"in2DMode":false,"pivot":{"x":2.544964551925659,"y":-2.8266329765319826,"z":43.75922775268555},"rotation":{"x":0.13105039298534394,"y":0.0022527691908180715,"z":-0.0005568593624047935,"w":0.9915124773979187},"size":26.26572608947754,"orthographic":false}