{"cameraMode":{"drawMode":0,"name":"Shaded","section":"Shading Mode"},"sceneLighting":true,"audioPlay":false,"sceneViewState":{"showFog":true,"showMaterialUpdate":true,"showSkybox":true,"showFlares":true,"showImageEffects":true,"showParticleSystems":true},"in2DMode":false,"pivot":{"x":-2.816495418548584,"y":8.262038230895996,"z":47.49332046508789},"rotation":{"x":0.009910370223224163,"y":-0.05467372387647629,"z":0.00030572302057407796,"w":0.99859219789505},"size":29.508468627929689,"orthographic":false}