{"cameraMode":{"drawMode":0,"name":"Shaded","section":"Shading Mode"},"sceneLighting":true,"audioPlay":false,"sceneViewState":{"showFog":true,"showMaterialUpdate":true,"showSkybox":true,"showFlares":true,"showImageEffects":true,"showParticleSystems":true},"in2DMode":false,"pivot":{"x":119.84675598144531,"y":-126.05057525634766,"z":408.9048156738281},"rotation":{"x":0.14450931549072267,"y":0.1297340989112854,"z":-0.020395305007696153,"w":0.9810877442359924},"size":277.6172790527344,"orthographic":false}